{"cameraMode":{"drawMode":0,"name":"Shaded","section":"Shading Mode"},"sceneLighting":false,"audioPlay":false,"sceneViewState":{"m_AlwaysRefresh":false,"showFog":false,"showSkybox":false,"showFlares":false,"showImageEffects":false,"showParticleSystems":false,"showVisualEffectGraphs":true,"m_FxEnabled":true},"in2DMode":false,"pivot":{"x":0.08759474754333496,"y":0.785692572593689,"z":0.001547519234009087},"rotation":{"x":-0.01886853016912937,"y":0.9793629050254822,"z":-0.109465092420578,"w":-0.16881801187992097},"size":1.3158795833587647,"orthographic":true}