{"cameraMode":{"drawMode":0,"name":"Shaded","section":"Shading Mode"},"sceneLighting":true,"audioPlay":false,"sceneViewState":{"m_AlwaysRefresh":false,"showFog":true,"showSkybox":true,"showFlares":true,"showImageEffects":true,"showParticleSystems":true,"showVisualEffectGraphs":true,"m_FxEnabled":true},"in2DMode":false,"pivot":{"x":-0.033016834408044818,"y":2.5419955253601076,"z":-5.649734973907471},"rotation":{"x":-0.16836459934711457,"y":0.20014674961566926,"z":-0.03493354842066765,"w":-0.9645589590072632},"size":5.1028361320495609,"orthographic":true}